{"properties": [
  {
    "name": "springdoc.swagger-ui.path",
    "type": "java.lang.String",
    "description": "A description for 'springdoc.swagger-ui.path'"
  },
  {
    "name": "springdoc.swagger-ui.enabled",
    "type": "java.lang.String",
    "description": "A description for 'springdoc.swagger-ui.enabled'"
  },
  {
    "name": "management.endpoints.web.exposure.include",
    "type": "java.lang.String",
    "description": "A description for 'management.endpoints.web.exposure.include'"
  }
]}